SNP,effect_allele,other_allele,eaf,beta,se,p
rs1799945 ,G,C,0.137,0.17,0.00582,1.26E-187
rs1800562 ,A,G,0.0677,0.27,0.0076,3.66E-276
rs57659670 ,C,T,0.0753,-0.042,0.00735,1.08E-08
rs855791 ,A,G,0.431,-0.17,0.00459,1.00E-300